id (integer),question (text),correct_option (integer),HKDSE/HKCEE Year (Optional),Question No. (Optional),created_at (No need to fill in),option_1 (text),option_2 (text),option_3 (text),option_4 (text),Topic 1 (Required),Topic 2 (Optional),"Image Link (Google Drive Link, Optional)"
Example,What is 1+1?,3,,,N/A,4,1,2,3,Simplification and factorization,,
1,$\frac{\left(2 x^4\right)^3}{2 x^5}=$,3,2012,1,N/A,$3 x^2$,$3 x^7$,$4 x^7$,$4 x^{59}$,Simplification and factorization,,
2,$(4 x+y)^2-(4 x-y)^2=$,4,2012,2,N/A,0,$2 y^2$,$8 x y$,$16 x y$,Simplification and factorization,,
3,"If $p$ and $q$ are constants such that $x^2+p \equiv(x+2)(x+q)+10$, then $p=$",3,2012,3,N/A,-4,-2,6,10,Simplification and factorization,,
4,"If $k$ is a constant such that $x^3+4 x^2+k x-12$ is divisible by $x+3$, then $k=$",2,2012,4,N/A,-25,-1,1,17,Polynomial,,
5,"If $m+2 n+6=2 m-n=7$, then $n=$",2,2012,5,N/A,-4,-1,3,11,Linear equations in two unknowns,,
6,"The figure shows the graph of $y=a(x+b)^2$, where $a$ and $b$ are constants. Which of the following is true?",4,2012,6,N/A,$a>0$ and $b>0$,$a>0$ and $b<0$,$a<0$ and $b>0$,$a<0$ and $b<0$,Graph of functions,,https://drive.google.com/file/d/16BUP6sPb2FrYpJSl4dXu9PfCKKkLfO6J/view?usp=sharing
7,The solution of $15+4 x<3$ or $9-2 x>1$ is,3,2012,7,N/A,$x<-3$,$x>-3$,$x<4$,$x>4$,Inequalities and linear programming,,
8,"In a company, $37.5 \%$ of the employees are female. If $60 \%$ of the male employees and $80 \%$ of the female employees are married, then the percentage of married employees in the company is",4,2012,8,N/A,$32.5 \%$,$45 \%$,$55 \%$,$67.5 \%$,Percentage and compound interest,,
9,"If $x$ and $y$ are non-zero numbers such that $\frac{6 x+5 y}{3 y-2 x}=7$, then $x: y=$",1,2012,9,N/A,$4: 5$,$4:13$,$5:4$,$13: 4$,Rate and ratio,,
10,"It is given that $y$ partly varies directly as $x^2$ and partly varies inversely as $x$. When $x=1, y=-4$ and when $x=2, y=5$. When $x=-2, y=$",4,2012,10,N/A,-11,-5,5,11,Variations,,
11,Mary performs a typing task for 7 hours. Her average typing speeds for the first 3 hours and the last 4 hours are 63 words per minute and 56 words per minute respectively. Find her average typing speed for the 7 hours.,3,2012,11,N/A,17 words per minute,35 words per minute,59 words per minute,60 words per minute,Rate and ratio,,
12,"In the figure, the 1 st pattern consists of 1 dot . For any positive integer $n$, the $(n+1)$ th pattern is formed by adding $n$ dots to the $n$th pattern. Find the number of dots in the 8th pattern.",2,2012,12,N/A,22,29,36,37,Arithmetic sequence and geometric sequence,,https://drive.google.com/file/d/1M9-23_LwwaZ7Ot1qI0rOv56uyFfvn4pa/view?usp=sharing
13,0.0322515=,4,2012,13,N/A,0.032 (correct to 3 significant figures),0.0322 (correct to 4 decimal places),0.03225 (correct to 5 significant figures),0.032252 (correct to 6 decimal places),Measurement,,
14,"The length of a piece of thin string is measured as 25 m correct to the nearest m . If the string is cut into $n$ pieces such that the length of each piece is measured as 5 cm correct to the nearest cm , find the greatest possible value of $n$.",2,2012,14,N/A,445,566,567,650,Measurement,,
15,"In the figure, the area of quadrilateral $A B C D$ is",1,2012,15,N/A,$144 \mathrm{~cm}^2$,$160 \mathrm{~cm}^2$,$178 \mathrm{~cm}^2$,$288 \mathrm{~cm}^2$,"Perimeter, area and volume",,https://drive.google.com/file/d/1nm4jm1lsZJ_2hBHuZvPG3po7Vo6WjttN/view?usp=sharing
16,"In the figure, $O A B$ and $O C D$ are sectors with centre $O$. If $\overparen{A B}=12 \pi \mathrm{~cm}, \overparen{C D}=16 \pi \mathrm{~cm}$ and $O A=30 \mathrm{~cm}$, then $A C=$",2,2012,16,N/A,$5 \mathrm{~cm}$,$10 \mathrm{~cm}$,$20 \mathrm{~cm}$,$40 \mathrm{~cm}$,"Parallel lines, similar triangles and congruent triangles",,https://drive.google.com/file/d/1OqQkY1GJ4UxWeSV43qok_QbV1Cg6EoME/view?usp=sharing
17,"In the figure, $A B C D$ is a parallelogram. $E$ and $F$ are points lying on $A B$ and $C D$ respectively. $A D$ produced and $E F$ produced meet at $G$. It is given that $D F: F C=3: 4$ and $A D: D G=1: 1$. If the area of $\triangle D F G$ is $3 \mathrm{~cm}^2$, then the area of the parallelogram $A B C D$ is",2,2012,17,N/A,$2 \mathrm{~cm}^2$,$14 \mathrm{~cm}^2$,$18 \mathrm{~cm}^2$,$21 \mathrm{~cm}^2$,"Perimeter, area and volume",,https://drive.google.com/file/d/1E-53LOitKyanwY7cenPWT-Zu1-kHUBBK/view?usp=sharing
18,"In the figure, $D$ is a point lying on $A C$ such that $B D$ is perpendicular to $A C$. If $B C=\ell$, then $A B=$",1,2012,18,N/A,$\frac{\ell \sin \alpha}{\cos \beta}$,$\frac{\ell \sin \beta}{\cos \alpha}$,$\frac{\ell \cos \alpha}{\sin \beta}$,$\frac{\ell \cos \beta}{\sin \alpha}$,"Sine formula, Cosine formula and Heron's formula",,https://drive.google.com/file/d/1bbievBBtbSZd3LuljlxmLpF0ZGpiRiTk/view?usp=sharing
19,$\frac{\cos 60^{\circ}}{1-\cos \left(90^{\circ}-\theta\right)}+\frac{\cos 240^{\circ}}{1-\cos \left(270^{\circ}-\theta\right)}=$,3,2012,19,N/A,$\frac{1}{\cos ^2 \theta}$,$\frac{\cos \theta}{\tan \theta}$,$\frac{\tan \theta}{\cos \theta}$,$\frac{1}{\cos \theta \tan \theta}$,Trigonometry,,
20,"In the figure, $O$ is the centre of the circle $A B C D$. If $\angle B A O=28^{\circ}, \angle B C D=114^{\circ}$ and $\angle C D O=42^{\circ}$, then $\angle A B C=$",3,2012,20,N/A,$90^{\circ}$,$96^{\circ}$,$100^{\circ}$,$138^{\circ}$,Properties of circles,,https://drive.google.com/file/d/1-8k0ZdR_yplKV79ZPTHhJnPMmhwByXw5/view?usp=sharing
21,"In the figure, $A B$ is a diameter of the circle $A B C D$. If $A B=12 \mathrm{~cm}$ and $C D=6 \mathrm{~cm}$, then the area of the shaded region is",4,2012,21,N/A,$(12 \pi-9) \mathrm{cm}^2$,$(12 \pi+9) \mathrm{cm}^2$,$(12 \pi-9 \sqrt{3}) \mathrm{cm}^2$,$(12 \pi+9 \sqrt{3}) \mathrm{cm}^2$,"Perimeter, area and volume",,https://drive.google.com/file/d/1PYRAr8uuXNmmAIFUA0tmHCx8ff4Y28LN/view?usp=sharing
22,"Which of the following statements about a regular 12 -sided polygon are true?\\
I. Each exterior angle is $30^{\circ}$.\\
II. Each interior angle is $150^{\circ}$.\\
III. The number of axes of reflectional symmetry is 6.",1,2012,22,N/A,I and II only,I and III only,II and III only,"I, II and III",Transformation,,
23,"The rectangular coordinates of the point $P$ are $(-3,-3 \sqrt{3})$. If $P$ is rotated anticlockwise about the origin through $90^{\circ}$, then the polar coordinates of its image are",4,2012,23,N/A,"$\left(3,150^{\circ}\right)$","$\left(3,330^{\circ}\right)$","$\left(6,150^{\circ}\right)$","$\left(6,330^{\circ}\right)$",Transformation,,
24,"If $P$ is a moving point in the rectangular coordinate plane such that the distance between $P$ and the point $(20,12)$ is equal to 5, then the locus of $P$ is a",1,2012,24,N/A,circle,square,parabola,triangle,Equation of circles,,
25,"In the figure, the equations of the straight lines $L_1$ and $L_2$ are $a x+y=b$ and $c x+y=d$ respectively. Which of the following are true?\\
I. $a<0$\\
II. $a<c$\\
III. $b>d$\\
IV. $a d>b c$",3,2012,25,N/A,"I, II and III only","I, II and IV only","I, III and IV only","II, III and IV only",Equation of straight lines,,https://drive.google.com/file/d/1GhD8l1hdAU-4shbSFuZ7XMSW4NPQ32vC/view?usp=sharing
26,"In the figure, the radius of the circle and the coordinates of the centre are $r$ and $(h, k)$ respectively. Which of the following are true?\\
I. $h+k>0$\\
II. $r-h>0$\\
III. $r-k>0$",1,2012,26,N/A,I and II only,I and III only,II and III only,"I, II and III",Equation of circles,,https://drive.google.com/file/d/1AX61rwbBYcCFTYU73r3NavWhaK4raovI/view?usp=sharing
27,"$9 \star\square$ is a 3-digit number, where $\star$ and $\square$ are integers from 0 to 9 inclusive. Find the probability that the 3 -digit number is divisible by 5.",1,2012,27,N/A,$\frac{1}{5}$,$\frac{7}{33}$,$\frac{20}{99}$,$\frac{19}{100}$,"Permutation, combinations and probability",,
28,"The stem-and-leaf diagram below shows the distribution of the ages of a group of members in a recreational centre.

\begin{tabular}{r|lllllllll} 
Stem (tens) & \multicolumn{8}{|l}{ Leaf (units) } \\
\cline { 1 - 9 } 5 & 0 & 5 & 6 & 6 & 8 & & & \\
6 & 1 & 4 & 5 & 5 & 7 & 8 & 8 & 9 \\
7 & 3 & 4 & 4 & 6 & 7 & 9 & & \\
8 & & & & & & & & \\
9 & 1 & & & & & & &
\end{tabular}
A member is randomly selected from the group. Find the probability that the selected member is not under the age of 74.",2,2012,28,N/A,0.2,0.3,0.7,0.8,"Permutation, combinations and probability",,
29,"The bar chart below shows the distribution of the numbers of rings owned by the girls in a group. Find the standard deviation of the distribution, correct to 2 decimal places.",2,2012,29,N/A,1.04,1.16,1.19,2.09,Measure of dispersion and statistics,,https://drive.google.com/file/d/10auemhUufYcymi6f-7O9J41g7pVsHN7g/view?usp=sharing
30,"Consider the following data:

\begin{tabular}{lllllllllll}
19 & 10 & 12 & 12 & 13 & 13 & 14 & 15 & 16 & $m$ & $n$
\end{tabular}

If both the mean and the median of the above data are 14, which of the following are true?\\
I. $m \geq 14$\\
II. $n \leq 16$\\
III. $m+n=30$",4,2012,30,N/A,I and II only,I and III only,II and III only,"I, II and III",Measure of dispersion and statistics,,
31,"The H.C.F. and the L.C.M. of three expressions are $a b^2$ and $4 a^4 b^5 c^6$ respectively. If the first expression and the second expression are $2 a^2 b^4 c$ and $4 a^4 b^2 c^6$ respectively, then the third expression is",2,2012,31,N/A,$a b^2$,$a b^5$,$2 a b^2 c$,$2 a b^5 c$,Simplification and factorization,,
32,"The graph in the figure shows the linear relation between $x$ and $\log _3 y$. If $y=m n^x$, then $n=$",3,2012,32,N/A,$\frac{1}{81}$,$\frac{1}{9}$,9,81,Logarithm,,https://drive.google.com/file/d/1kTxr983FdBJAsJjekdpKtWrS5vZoUZvo/view?usp=sharing
33,$A D 0000002012_{16}=$,1,2012,33,N/A,$(10) 16^{11}+(13) 16^{10}+8210$,$(10) 16^{12}+(13) 16^{11}+131360$,$(11) 16^{11}+(14) 16^{10}+8210$,$(11) 16^{12}+(14) 16^{11}+131360$,Logarithm,,
34,"Let $\mathrm{f}(x)$ be a quadratic function. If the coordinates of the vertex of the graph of $y=\mathrm{f}(x)$ are $(3,-4)$, which of the following must be true?",3,2012,34,N/A,The roots of the equation $\mathrm{f}(x)=0$ are integers.,The roots of the equation $\mathrm{f}(x)-3=0$ are rational numbers.,The roots of the equation $\mathrm{f}(x)+4=0$ are real numbers.,The roots of the equation $\mathrm{f}(x)+5=0$ are nonreal numbers.,Graph of functions,,
35,$i^3(\beta i-3)=$,1,2012,35,N/A,$\beta+3 i$,$\beta-3 i$,$-\beta+3 i$,$-\beta-3 i$,Imaginary numbers,,
36,"The figure shows a shaded region (including the boundary). If ( $h, k$ ) is a point lying in the shaded region, which of the following are true?\\
I. $k \geq 3$\\
II. $h-k \geq-3$\\
III. $2 h+k \leq 6$",4,2012,36,N/A,I and II only,I and III only,II and III only,"I, II and III",Inequalities and linear programming,,https://drive.google.com/file/d/1kZKEfyoeFkEe9huHikWb1PjAm3UF4gmt/view?usp=sharing
37,"Let $a_n$ be the $n$th term of an arithmetic sequence. If $a_{18}=26$ and $a_{23}=61$, which of the following are true?\\
I. $a_{14}<0$\\
II. $a_1-a_2<0$\\
III. $a_1+a_2+a_3+\cdots+a_{27}>0$",1,2012,37,N/A,I and II only,I and III only,II and III only,"I, II and III",Arithmetic sequence and geometric sequence,,
38,Which of the following may represent the graph of $y=\mathrm{f}(x)$ and the graph of $y=\mathrm{f}(x-2)+1$ on the same rectangular coordinate system?,3,2012,38,N/A,https://drive.google.com/file/d/1LHuPoz1OWlB2EIHnrOzWxvcOrNy9l2N_/view?usp=sharing,https://drive.google.com/file/d/1prEkOaCSCRtkaEl1HDLUxKMAHhgbmLQ9/view?usp=sharing,https://drive.google.com/file/d/1_UDn3zhZOSWUoFPAxnQv3BA5s82ixI0b/view?usp=sharing,https://drive.google.com/file/d/10ZBt2_CcYSBOIaKemrSNPS5zC8U4A3JJ/view?usp=sharing,Graph of functions,,
39,The figure shows,4,2012,39,N/A,the graph of $y=1+3 \cos \frac{x^{\circ}}{2}$,the graph of $y=1+3 \cos 2 x^{\circ}$,the graph of $y=4+3 \cos \frac{x^{\circ}}{2}$,the graph of $y=4+3 \cos 2 x^{\circ}$,Trigonometry,,https://drive.google.com/file/d/14xQozU4zfTL5xDO_p-EOOKKDwS2zo8Gy/view?usp=sharing
40,The figure shows a regular tetrahedron $A B C D$. Find the angle between the plane $A B C$ and the plane $B C D$ correct to the nearest degree.,4,2012,40,N/A,$48^{\circ}$,$53^{\circ}$,$60^{\circ}$,$71^{\circ}$,3D geometry,,https://drive.google.com/file/d/1niyc-5ZjrB0xSo_blFcw9gporpAwlQLd/view?usp=sharing
41,"In the figure, $P Q$ is the tangent to the circle $A B C$ at $O$, where $O$ is the centre of the semicircle $P B Q$. It is given that $B C P$ is a straight line. If $\angle B P Q=12^{\circ}$, then $\angle B A C=$",3,2012,41,N/A,$18^{\circ}$,$24^{\circ}$,$36^{\circ}$,$54^{\circ}$,Properties of circles,,https://drive.google.com/file/d/1aGAaACFADAak7d-JuwJrG8w8V6rLjB_Y/view?usp=sharing
42,Find the range of values of $k$ such that the circle $x^2+y^2+2 x-4 y-13=0$ and the straight line $x-y+k=0$ intersect at two distinct points.,2,2012,42,N/A,$-9<k<3$,$-3<k<9$,$k<-9$ or $k>3$,$k<-3$ or $k>9$,Equation of circles,,
43,"A drama club is formed by 12 boys and 8 girls. If a team of 5 students is selected from the club to participate in a competition and the team consists of at least one girl, how many different teams can be formed?",2,2012,43,N/A,3960,14712,15448,15504,"Permutation, combinations and probability",,
44,"A box contains six balls numbered $7,8,8,9,9$ and 9 respectively. John repeats drawing one ball at a time randomly from the box without replacement until the number drawn is 9 . Find the probability that he needs exactly three draws.",4,2012,44,N/A,$\frac{1}{2}$,$\frac{1}{6}$,$\frac{1}{8}$,$\frac{3}{20}$,"Permutation, combinations and probability",,
45,"Let $m_{\mathrm{I}}, r_1$ and $v_1$ be the mean, the range and the variance of a group of numbers $\left\{x_1, x_2, x_3, \ldots, x_{100}\right\}$ respectively. If $m_2, r_2$ and $v_2$ are the mean, the range and the variance of the group of numbers $\left\{x_1, x_2, x_3, \ldots, x_{100}, m_1\right\}$ respectively, which of the following must be true?\\
I. $m_1=m_2$\\
II. $r_1=r_2$\\
III. $v_1=v_2$",1,2012,45,N/A,I and II only,I and III only,II and III only,"I, II and III",Measure of dispersion and statistics,,
46,$\left(27 \cdot 9^{n+1}\right)^3=$,2,2013,1,N/A,$3^{6 n+12}$,$3^{6 n+15}$,$3^{9 n+12}$,$3^{9 n+18}$,Simplification and factorization,,
47,"If $\frac{y-1}{c}=\frac{y+1}{d}$, then $y=$",4,2013,2,N/A,$\frac{c-d}{c+d}$,$\frac{d-c}{c+d}$,$\frac{c+d}{c-d}$,$\frac{c+d}{d-c}$,Simplification and factorization,,
48,$h \ell-k \ell+h m-k m-h n+k n=$,4,2013,3,N/A,$(h+k)(\ell-m+n)$,$(h+k)(\ell+m-n)$,$(h-k)(\ell-m+n)$,$(h-k)(\ell+m-n)$,Simplification and factorization,,
49,$0.0504545=$,3,2013,4,N/A,0.051 (correct to 2 significant figures),$0.0505$ (correct to 3 decimal places),$0.05045$ (correct to 4 significant figures),0.05046 (correct to 5 decimal places),Measurement,,
50,The solution of $x-\frac{x-1}{2}>5$ or $1<x-11$ is,1,2013,5,N/A,$x>9$,$x>10$,$x>11$,$x>12$,Inequalities and linear programming,,
51,Let $k$ be a constant. Solve the equation $(x-k)^2=4 k^2$,3,2013,6,N/A,$x=3 k$,$x=5 k$,$x=-k$ or $x=3 k$,$x=-3 k$ or $x=5 k$,Quadratic equation,,
52,"The figure shows the graph of $y=-2 x^2+a x+b$, where $a$ and $b$ are constants. The equation of the axis of symmetry of the graph is",2,2013,7,N/A,$x=2$,$x=3$,$x=5$,$y=8$,Graph of functions,,https://drive.google.com/file/d/1Vp5PQCYgJ7CIXNcCA3SpkJh9XXjxa8Hp/view?usp=sharing
53,"If $a, b$ and $c$ are non-zero constants such that $x(x+3 a)+a \equiv x^2+2(b x+c)$, then $a: b: c=$",1,2013,8,N/A,$2: 3: 1$,$2: 3: 4$,$3: 2: 6$,$6: 4: 3$,Rate and ratio,,
54,"Let $\mathrm{f}(x)=x^{13}-2 x+k$, where $k$ is a constant. If $\mathrm{f}(x)$ is divisible by $x+1$, find the remainder when $\mathrm{f}(x)$ is divided by $x-1$.",4,2013,9,N/A,0,-1,2,-2,Polynomial,,
55,"Susan sells two cars for $\$ 80080$ each. She gains $30 \%$ on one and loses $30 \%$ on the other. After the two transactions, Susan",1,2013,10,N/A,loses $\$ 15840$,gains $\$ 5544$,gains $\$ 10296$,has no gain and no loss,Percentage and compound interest,,
56,"A sum of $\$ 50000$ is deposited at an interest rate of $8 \%$ per annum for 1 year, compounded monthly. Find the interest correct to the nearest dollar.",4,2013,11,N/A,$\$ 4000$,$\$ 4122$,$\$ 4143$,$\$ 4150$,Percentage and compound interest,,
57,"The actual area of a playground is $900 \mathrm{~m}^2$. If the area of the playground on a map is $36 \mathrm{~cm}^2$, then the scale of the map is",3,2013,12,N/A,$1: 25$,$1: 50$,$1: 500$,$1: 250000$,Rate and ratio,,
58,"It is given that $z$ varies directly as $x$ and inversely as $\sqrt{y}$. If $y$ is decreased by $64 \%$ and $z$ is increased by $25 \%$, then $x$",3,2013,13,N/A,is increased by $20 \%$,is increased by $80 \%$,is decreased by $25 \%$,is decreased by $75 \%$,Variations,,
59,"The figure shows the graph of the straight line $x+a y+b=0$. Which of the following are true?\\
I. $\quad a<0$\\
II. $b<0$\\
III. $a<b$",4,2013,14,N/A,I and II only,I and III only,II and III only,"I, II and III",Equation of straight lines,,https://drive.google.com/file/d/1TtpTgOgLsaKkZmrCu19UfLtscxV44Ubp/view?usp=sharing
60,"In the figure, the regular octagon is divided into eight identical isosceles triangles and four of them are shaded. The number of axes of reflectional symmetry of the octagon is",2,2013,15,N/A,2,4,8,16,Transformation,,https://drive.google.com/file/d/1o6bce-9WCey9mYjn67egdO1PmLQMXEvB/view?usp=sharing
61,"In the figure, the diameter of the semicircle $A B C$ is 3 cm . If $A C=2 \mathrm{~cm}$, find the area of the shaded region correct to the nearest $0.01 \mathrm{~cm}^2$.",2,2013,16,N/A,$0.23 \mathrm{~cm}^2$,$0.52 \mathrm{~cm}^2$,$0.64 \mathrm{~cm}^2$,$1.07 \mathrm{~cm}^2$,Properties of circles,"Perimeter, area and volume",https://drive.google.com/file/d/1A9uVZSiTVNSYn3-RmLEUHcIW6TlM2ISN/view?usp=sharing
62,"In the figure, the solid consists of a right circular cone and a hemisphere with a common base. The base radius and the height of the circular cone are 3 cm and 4 cm respectively. Find the total surface area of the solid.",2,2013,17,N/A,$30 \pi \mathrm{~cm}^2$,$33 \pi \mathrm{~cm}^2$,$48 \pi \mathrm{~cm}^2$,$51 \pi \mathrm{~cm}^2$,"Perimeter, area and volume",,https://drive.google.com/file/d/1RKTHPg8uxywGYFjo3cTmL5KyIVbD9AsQ/view?usp=sharing
63,"In the figure, $A B C D$ is a trapezium with $A D / / B C$ and $A D: B C=2: 3$. Let $E$ be the mid-point of $B C$. $A C$ and $D E$ intersect at $F$. If the area of $\triangle C E F$ is $36 \mathrm{~cm}^2$, then the area of the trapezium $A B C D$ is",3,2013,18,N/A,$216 \mathrm{~cm}^2$,$264 \mathrm{~cm}^2$,$280 \mathrm{~cm}^2$,$320 \mathrm{~cm}^2$,Quadrilaterals,"Parallel lines, similar triangles and congruent triangles",https://drive.google.com/file/d/12w_TboXQ3TG9Rhk5o0zd7xrBxyIaT6Lz/view?usp=sharing
64,"In the figure, $A B C D$ is a circle. $A C$ and $B D$ intersect at $E$. If $A B=A D$ and $A D / / B C$, then $\angle B A E=$",3,2013,19,N/A,$53^{\circ}$,$57^{\circ}$,$69^{\circ}$,$74^{\circ}$,Properties of circles,"Parallel lines, similar triangles and congruent triangles",https://drive.google.com/file/d/1hfV6D3DbVnFL_kK7q_jS84_oefly7sxY/view?usp=sharing
65,"In the figure, the bearing of $P$ from $O$ is $S 86^{\circ} \mathrm{E}$ and the bearing of $Q$ from $O$ is $\mathrm{N} 32^{\circ} \mathrm{E}$. If $P$ and $Q$ are equidistant from $O$, then the bearing of $P$ from $Q$ is",4,2013,20,N/A,$\mathrm{N} 24^{\circ} \mathrm{W}$,$\mathrm{N} 27^{\circ} \mathrm{W}$,$\mathrm{S} 24^{\circ} \mathrm{E}$,$\mathrm{S} 27^{\circ} \mathrm{E}$,"Parallel lines, similar triangles and congruent triangles",,https://drive.google.com/file/d/1Ok2RkojMpFDcI8KyShzUGU3DuQ9znuEb/view?usp=sharing
66,"If an interior angle of a regular $n$-sided polygon is 4 times an exterior angle of the polygon, which of the following is/are true?\\
I. The value of $n$ is 10.\\
II. The number of diagonals of the polygon is 10.\\
III. The number of folds of rotational symmetry of the polygon is 10.",3,2013,21,N/A,I only,II only,I and III only,II and III only,Transformation,,
67,"In $\triangle A B C, A B: B C: A C=8: 15: 17$. Find $\cos A: \cos C$.",1,2013,22,N/A,$8: 15$,$8: 17$,$15: 8$,$15: 17$,Trigonometry,,
68,"If $0^{\circ}<x<90^{\circ}$, which of the following must be true?\\
I. $\quad \tan x \tan \left(90^{\circ}-x\right)=1$\\
II. $\sin x-\sin \left(90^{\circ}-x\right)<0$\\
III. $\cos x+\cos \left(90^{\circ}-x\right)>0$",2,2013,23,N/A,I and II only,I and III only,II and III only,"I, II and III",Trigonometry,,
69,"The coordinates of the points $A$ and $B$ are $(2,5)$ and $(4,-1)$ respectively. Let $P$ be a moving point in the rectangular coordinate plane such that $A P=B P$. Find the equation of the locus of $P$.",1,2013,24,N/A,$x-3 y+3=0$,$x-3 y-7=0$,$x-3 y+13=0$,$3 x+y-11=0$,Equation of straight lines,,
70,"The equation of the circle $C$ is $2 x^2+2 y^2-4 x+8 y-5=0$. The coordinates of the points $P$ and $Q$ are $(-1,2)$ and $(4,0)$ respectively. Which of the following is/are true?\\
I. The radius of $C$ is 5.\\
II. The mid-point of $P Q$ lies outside $C$.\\
III. If $G$ is the centre of $C$, then $\angle P G Q$ is an acute angle.",4,2013,25,N/A,I only,II only,I and III only,II and III only,Equation of circles,"Sine formula, Cosine formula and Heron's formula",
71,"Two numbers are randomly drawn at the same time from seven cards numbered 1 ,2, 3, 4, 5, 6 and 7 respectively. Find the probability that the product of the numbers drawn is an odd number.",1,2013,26,N/A,$\frac{2}{7}$,$\frac{4}{7}$,$\frac{12}{49}$,$\frac{16}{49}$,"Permutation, combinations and probability",,
72,"If the mean and the mode of the nine numbers $14,6,4,5,7,5, x, y$ and $z$ are 8 and 14 respectively, then the median of these nine numbers is",1,2013,27,N/A,5,6,7,8,Measure of dispersion and statistics,,
73,The scatter diagram below shows the relation between $x$ and $y$. Which of the following may represent the relation between $x$ and $y$?,1,2013,28,N/A,$y$ increases when $x$ increases.,$y$ decreases when $x$ increases.,$y$ varies inversely as $x^2$.,$y$ varies directly as $x^{-3}$.,Variations,,https://drive.google.com/file/d/1cVcHZFxc0N27dYSQZuOFM9Yu7WJXNQ8W/view?usp=sharing
74,"The stem-and-leaf diagram below shows the distribution of the hourly wages (in dollars) of some workers.

\begin{tabular}{r|llllllll} 
Stem (tens) & \multicolumn{7}{|l}{ Leaf (units) } \\
\hline 4 & 0 & 2 & 2 & 2 & 4 & 4 & 4 & 7 \\
5 & 0 & 0 & 1 & 2 & 2 & 6 & 8 & 9 \\
6 & 3 & 5 & 5 & 7 & & & & \\
7 & 0 & & & & & & & \\
8 & 2 & 6 & & & & & & \\
9 & 5 & & & & & & &
\end{tabular}",1,2013,29,N/A,https://drive.google.com/file/d/1GqpTxiiXI306BZVFW3INE-nrnJvY80Hf/view?usp=sharing,https://drive.google.com/file/d/1--J-N5z3sEc-q1rp6LbPdilyUCE-k53W/view?usp=sharing,https://drive.google.com/file/d/1GcW549PU_L2QCLRGa7TQd3StWSdTBG4T/view?usp=sharing,https://drive.google.com/file/d/1j_6OXGjbNseNqhglJssbByohVSF1DOxG/view?usp=sharing,Measure of dispersion and statistics,,
75,The pie charts below show the distributions of the profits of stationery shop $X$ and stationery shop $Y$ from the sales of stationery in a certain month. Which of the following must be true?,2,2013,30,N/A,"In that month, the profit from the sales of pencils of stationery shop $X$ is the same as that of stationery shop $Y$.","In that month, the total profit from the sales of pens and notebooks of stationery shop $X$ is less than the total profit from the sales of rulers and pencils of the shop.",$k=14$,$\theta=36^{\circ}$,Percentage and compound interest,,https://drive.google.com/file/d/1O8Nr_Bwt77407WVYdKCK-VR16BX4-her/view?usp=sharing
76,"The L.C.M. of $a^2+4 a+4, a^2-4$ and $a^3+8$ is",2,2013,31,N/A,$a+2$,$(a-2)(a+2)^2\left(a^2-2 a+4\right)$,$(a-2)(a+2)^2\left(a^2+2 a+4\right)$,$(a-2)(a+2)^4\left(a^2-2 a+4\right)$,Simplification and factorization,,
77,"The figure above shows the graph of $y=a b^x$, where $a$ and $b$ are constants. Which of the following graphs may represent the relation between $x$ and $\log _7 y$ ?",2,2013,32,N/A,https://drive.google.com/file/d/1L2zrN76f_km15k9vxmYW5JQMNfcWHCIq/view?usp=sharing,https://drive.google.com/file/d/19C6Zt2EjIoSMh20QvbYpsKNIv73vC5JM/view?usp=sharing,https://drive.google.com/file/d/1bp87fbKdPm7FbeY69qs0N5L_hq93FUby/view?usp=sharing,https://drive.google.com/file/d/1uAbABs07QE1tZHYy4L2QRRuJSdWzEhfR/view?usp=sharing,Logarithm,,https://drive.google.com/file/d/1I99gRij_6dI7Pk1dc_EUPHE-9zOsf-xu/view?usp=sharing
78,$\mathrm{A} 00000 \mathrm{E}_{00011} 1_{16}=$,1,2013,33,N/A,$10 \times 16^{11}+14 \times 16^5+17$,$11 \times 16^{11}+15 \times 16^5+17$,$10 \times 16^{12}+14 \times 16^6+272$,$11 \times 16^{12}+15 \times 16^6+272$,Logarithm,,
79,"If $x-\log y=x^2-\log y^2-10=2$, then $y=$",4,2013,34,N/A,100,2 or -4,$\frac{1}{100}$ or 10000,$\frac{1}{10000}$ or 100,Logarithm,,
80,"If $\alpha \neq \beta$ and $\left\{\begin{array}{l}3 \alpha=\alpha^2-5 \\ 3 \beta=\beta^2-5\end{array}\right.$, then $\alpha \beta=$",4,2013,35,N/A,3,-3,5,-5,Quadratic equation,,
81,The real part of $i+2 i^2+3 i^3+4 i^4$ is,1,2013,36,N/A,2,-2,6,-6,Imaginary numbers,,
82,"Consider the following system of inequalities:
$$
\left\{\begin{array}{l}
x \geq 2 \\
y \geq 0 \\
x+4 y \leq 22 \\
4 x-y \leq 20
\end{array}\right.
$$
Let $D$ be the region which represents the solution of the above system of inequalities. If $(x, y)$ is a point lying in $D$, then the greatest value of $3 y-4 x+15$ is",3,2013,37,N/A,3,17,22,30,Inequalities and linear programming,,
83,"The $n$-th term of a sequence is $2 n-19$. Which of the following is/are true?\\
I. 25 is a term of the sequence.\\
II. The sequence has 10 negative terms.\\
III. The sum of the first $n$ terms of the sequence is $n^2-18 n$.",3,2013,38,N/A,I only,II only,I and III only,II and III only,Arithmetic sequence and geometric sequence,,
84,"Let $h$ and $k$ be constants. The figure shows the graph of $y=h+k \tan 2 x^{\circ}$, where $0 \leq x \leq \alpha$. Which of the following are true?\\
I. $h>0$\\
II. $k<0$\\
III. $\tan \alpha^{\circ}=\frac{1}{k}$",1,2013,39,N/A,I and II only,I and III only,II and III only,"I, II and III",Trigonometry,,https://drive.google.com/file/d/1EeWR_I4UWOJ64F0dTvu1UownF_K-5vDR/view?usp=sharing
85,"If the height of a regular tetrahedron is 2 cm, then the volume of the tetrahedron is",2,2013,40,N/A,$2 \mathrm{~cm}^3$,$\sqrt{3} \mathrm{~cm}^3$,$\sqrt{6} \mathrm{~cm}^3$,$3 \sqrt{3} \mathrm{~cm}^3$,"Perimeter, area and volume",,
86,"In the figure, $O$ is the centre of the circle $A B C$. $D E$ is the tangent to the circle at $A$. If $A B$ is the angle bisector of $\angle C A E$, then $\angle A C O=$",4,2013,41,N/A,$26^{\circ}$,$28^{\circ}$,$31^{\circ}$,$34^{\circ}$,Properties of circles,,https://drive.google.com/file/d/1iqeOSVhF-Iw7fCbPtYKbDqgVdivRWBnn/view?usp=sharing
87,Find the range of values of $k$ such that the circle $x^2+y^2+2 x-2 y-7=0$ and the straight line $3 x-4 y+k=0$ intersect.,2,2013,42,N/A,$-8<k<22$,$-8 \leq k \leq 22$,$k<-22$ or $k>8$,$k \leq-22$ or $k \geq 8$,Inequalities and linear programming,,
88,"Let $O$ be the origin. If the coordinates of the points $A$ and $B$ are $(0,12)$ and $(30,12)$ respectively, then the $y$-coordinate of the circumcentre of $\triangle O A B$ is",1,2013,43,N/A,6,8,12,15,Properties of circles,,
89,"If the first three digits and the last five digits of an eight-digit phone number are formed by a permutation of $5,6,9$ and a permutation of $2,3,4,7,8$ respectively, how many different eight-digit phone numbers can be formed?",3,2013,44,N/A,15,126,720,40320,"Permutation, combinations and probability",,
90,"If the variance of the five numbers $x_1, x_2, x_3, x_4$ and $x_5$ is 13, then the variance of the five numbers $3 x_1+4,3 x_2+4,3 x_3+4,3 x_4+4$ and $3 x_5+4$ is",3,2013,45,N/A,39,43,117,121,Measure of dispersion and statistics,,
91,,1,,,N/A,,,,,,,
92,,1,,,N/A,,,,,,,
93,,1,,,N/A,,,,,,,
94,,1,,,N/A,,,,,,,
95,,1,,,N/A,,,,,,,
96,,1,,,N/A,,,,,,,
97,,1,,,N/A,,,,,,,
98,,1,,,N/A,,,,,,,
99,,1,,,N/A,,,,,,,
100,,1,,,N/A,,,,,,,
101,,1,,,N/A,,,,,,,
102,,1,,,N/A,,,,,,,
103,,1,,,N/A,,,,,,,
104,,1,,,N/A,,,,,,,
105,,1,,,N/A,,,,,,,
106,,1,,,N/A,,,,,,,
107,,1,,,N/A,,,,,,,
108,,1,,,N/A,,,,,,,
109,,1,,,N/A,,,,,,,
110,,1,,,N/A,,,,,,,
111,,1,,,N/A,,,,,,,
112,,1,,,N/A,,,,,,,
113,,1,,,N/A,,,,,,,
114,,1,,,N/A,,,,,,,
115,,1,,,N/A,,,,,,,
116,,1,,,N/A,,,,,,,
117,,1,,,N/A,,,,,,,
118,,1,,,N/A,,,,,,,
119,,1,,,N/A,,,,,,,
120,,1,,,N/A,,,,,,,
121,,1,,,N/A,,,,,,,
122,,1,,,N/A,,,,,,,
123,,1,,,N/A,,,,,,,
124,,1,,,N/A,,,,,,,
125,,1,,,N/A,,,,,,,
126,,1,,,N/A,,,,,,,
127,,1,,,N/A,,,,,,,
128,,1,,,N/A,,,,,,,
129,,1,,,N/A,,,,,,,
130,,1,,,N/A,,,,,,,
131,,1,,,N/A,,,,,,,
132,,1,,,N/A,,,,,,,
133,,1,,,N/A,,,,,,,
134,,1,,,N/A,,,,,,,
135,,1,,,N/A,,,,,,,
136,,1,,,N/A,,,,,,,
137,,1,,,N/A,,,,,,,
138,,1,,,N/A,,,,,,,
139,,1,,,N/A,,,,,,,
140,,1,,,N/A,,,,,,,
141,,1,,,N/A,,,,,,,
142,,1,,,N/A,,,,,,,
143,,1,,,N/A,,,,,,,
144,,1,,,N/A,,,,,,,
145,,1,,,N/A,,,,,,,
146,,1,,,N/A,,,,,,,
147,,1,,,N/A,,,,,,,
148,,1,,,N/A,,,,,,,
149,,1,,,N/A,,,,,,,
150,,1,,,N/A,,,,,,,
151,,1,,,N/A,,,,,,,
152,,1,,,N/A,,,,,,,
153,,1,,,N/A,,,,,,,
154,,1,,,N/A,,,,,,,
155,,1,,,N/A,,,,,,,
156,,1,,,N/A,,,,,,,
157,,1,,,N/A,,,,,,,
158,,1,,,N/A,,,,,,,
159,,1,,,N/A,,,,,,,
160,,1,,,N/A,,,,,,,
161,,1,,,N/A,,,,,,,
162,,1,,,N/A,,,,,,,
163,,1,,,N/A,,,,,,,
164,,1,,,N/A,,,,,,,
165,,1,,,N/A,,,,,,,
166,,1,,,N/A,,,,,,,
167,,1,,,N/A,,,,,,,
168,,1,,,N/A,,,,,,,
169,,1,,,N/A,,,,,,,
170,,1,,,N/A,,,,,,,
171,,1,,,N/A,,,,,,,
172,,1,,,N/A,,,,,,,
173,,1,,,N/A,,,,,,,
174,,1,,,N/A,,,,,,,
175,,1,,,N/A,,,,,,,
176,,1,,,N/A,,,,,,,
177,,1,,,N/A,,,,,,,
178,,1,,,N/A,,,,,,,
179,,1,,,N/A,,,,,,,
180,,1,,,N/A,,,,,,,
181,,1,,,N/A,,,,,,,
182,,1,,,N/A,,,,,,,
183,,1,,,N/A,,,,,,,
184,,1,,,N/A,,,,,,,
185,,1,,,N/A,,,,,,,
186,,1,,,N/A,,,,,,,
187,,1,,,N/A,,,,,,,
188,,1,,,N/A,,,,,,,
189,,1,,,N/A,,,,,,,
190,,1,,,N/A,,,,,,,
191,,1,,,N/A,,,,,,,
192,,1,,,N/A,,,,,,,
193,,1,,,N/A,,,,,,,
194,,1,,,N/A,,,,,,,
195,,1,,,N/A,,,,,,,
196,,1,,,N/A,,,,,,,
197,,1,,,N/A,,,,,,,
198,,1,,,N/A,,,,,,,
199,,1,,,N/A,,,,,,,
200,,1,,,N/A,,,,,,,
201,,1,,,N/A,,,,,,,
202,,1,,,N/A,,,,,,,
203,,1,,,N/A,,,,,,,
204,,1,,,N/A,,,,,,,
205,,1,,,N/A,,,,,,,
206,,1,,,N/A,,,,,,,
207,,1,,,N/A,,,,,,,
208,,1,,,N/A,,,,,,,
209,,1,,,N/A,,,,,,,
210,,1,,,N/A,,,,,,,
211,,1,,,N/A,,,,,,,
212,,1,,,N/A,,,,,,,
213,,1,,,N/A,,,,,,,
214,,1,,,N/A,,,,,,,
215,,1,,,N/A,,,,,,,
216,,1,,,N/A,,,,,,,
217,,1,,,N/A,,,,,,,
218,,1,,,N/A,,,,,,,
219,,1,,,N/A,,,,,,,
220,,1,,,N/A,,,,,,,
221,,1,,,N/A,,,,,,,
222,,1,,,N/A,,,,,,,
223,,1,,,N/A,,,,,,,
224,,1,,,N/A,,,,,,,
225,,1,,,N/A,,,,,,,
226,,1,,,N/A,,,,,,,
227,,1,,,N/A,,,,,,,
228,,1,,,N/A,,,,,,,
229,,1,,,N/A,,,,,,,
230,,1,,,N/A,,,,,,,
231,,1,,,N/A,,,,,,,
232,,1,,,N/A,,,,,,,
233,,1,,,N/A,,,,,,,
234,,1,,,N/A,,,,,,,
235,,1,,,N/A,,,,,,,
236,,1,,,N/A,,,,,,,
237,,1,,,N/A,,,,,,,
238,,1,,,N/A,,,,,,,
239,,1,,,N/A,,,,,,,
240,,1,,,N/A,,,,,,,
241,,1,,,N/A,,,,,,,
242,,1,,,N/A,,,,,,,
243,,1,,,N/A,,,,,,,
244,,1,,,N/A,,,,,,,
245,,1,,,N/A,,,,,,,
246,,1,,,N/A,,,,,,,
247,,1,,,N/A,,,,,,,
248,,1,,,N/A,,,,,,,
249,,1,,,N/A,,,,,,,
250,,1,,,N/A,,,,,,,
251,,1,,,N/A,,,,,,,
252,,1,,,N/A,,,,,,,
253,,1,,,N/A,,,,,,,
254,,1,,,N/A,,,,,,,
255,,1,,,N/A,,,,,,,
256,,1,,,N/A,,,,,,,
257,,1,,,N/A,,,,,,,
258,,1,,,N/A,,,,,,,
259,,1,,,N/A,,,,,,,
260,,1,,,N/A,,,,,,,
261,,1,,,N/A,,,,,,,
262,,1,,,N/A,,,,,,,
263,,1,,,N/A,,,,,,,
264,,1,,,N/A,,,,,,,
265,,1,,,N/A,,,,,,,
266,,1,,,N/A,,,,,,,
267,,1,,,N/A,,,,,,,
268,,1,,,N/A,,,,,,,
269,,1,,,N/A,,,,,,,
270,,1,,,N/A,,,,,,,
271,,1,,,N/A,,,,,,,
272,,1,,,N/A,,,,,,,
273,,1,,,N/A,,,,,,,
274,,1,,,N/A,,,,,,,
275,,1,,,N/A,,,,,,,
276,,1,,,N/A,,,,,,,
277,,1,,,N/A,,,,,,,
278,,1,,,N/A,,,,,,,
279,,1,,,N/A,,,,,,,
280,,1,,,N/A,,,,,,,
281,,1,,,N/A,,,,,,,
282,,1,,,N/A,,,,,,,
283,,1,,,N/A,,,,,,,
284,,1,,,N/A,,,,,,,
285,,1,,,N/A,,,,,,,
286,,1,,,N/A,,,,,,,
287,,1,,,N/A,,,,,,,
288,,1,,,N/A,,,,,,,
289,,1,,,N/A,,,,,,,
290,,1,,,N/A,,,,,,,
291,,1,,,N/A,,,,,,,
292,,1,,,N/A,,,,,,,
293,,1,,,N/A,,,,,,,
294,,1,,,N/A,,,,,,,
295,,1,,,N/A,,,,,,,
296,,1,,,N/A,,,,,,,
297,,1,,,N/A,,,,,,,
298,,1,,,N/A,,,,,,,
299,,1,,,N/A,,,,,,,
300,,1,,,N/A,,,,,,,
301,,1,,,N/A,,,,,,,
302,,1,,,N/A,,,,,,,
303,,1,,,N/A,,,,,,,
304,,1,,,N/A,,,,,,,
305,,1,,,N/A,,,,,,,
306,,1,,,N/A,,,,,,,
307,,1,,,N/A,,,,,,,
308,,1,,,N/A,,,,,,,
309,,1,,,N/A,,,,,,,
310,,1,,,N/A,,,,,,,
311,,1,,,N/A,,,,,,,
312,,1,,,N/A,,,,,,,
313,,1,,,N/A,,,,,,,
314,,1,,,N/A,,,,,,,
315,,1,,,N/A,,,,,,,
316,,1,,,N/A,,,,,,,
317,,1,,,N/A,,,,,,,
318,,1,,,N/A,,,,,,,
319,,1,,,N/A,,,,,,,
320,,1,,,N/A,,,,,,,
321,,1,,,N/A,,,,,,,
322,,1,,,N/A,,,,,,,
323,,1,,,N/A,,,,,,,
324,,1,,,N/A,,,,,,,
325,,1,,,N/A,,,,,,,
326,,1,,,N/A,,,,,,,
327,,1,,,N/A,,,,,,,
328,,1,,,N/A,,,,,,,
329,,1,,,N/A,,,,,,,
330,,1,,,N/A,,,,,,,
331,,1,,,N/A,,,,,,,
332,,1,,,N/A,,,,,,,
333,,1,,,N/A,,,,,,,
334,,1,,,N/A,,,,,,,
335,,1,,,N/A,,,,,,,
336,,1,,,N/A,,,,,,,
337,,1,,,N/A,,,,,,,
338,,1,,,N/A,,,,,,,
339,,1,,,N/A,,,,,,,
340,,1,,,N/A,,,,,,,
341,,1,,,N/A,,,,,,,
342,,1,,,N/A,,,,,,,
343,,1,,,N/A,,,,,,,
344,,1,,,N/A,,,,,,,
345,,1,,,N/A,,,,,,,
346,,1,,,N/A,,,,,,,
347,,1,,,N/A,,,,,,,
348,,1,,,N/A,,,,,,,
349,,1,,,N/A,,,,,,,
350,,1,,,N/A,,,,,,,
351,,1,,,N/A,,,,,,,
352,,1,,,N/A,,,,,,,
353,,1,,,N/A,,,,,,,
354,,1,,,N/A,,,,,,,
355,,1,,,N/A,,,,,,,
356,,1,,,N/A,,,,,,,
357,,1,,,N/A,,,,,,,
358,,1,,,N/A,,,,,,,
359,,1,,,N/A,,,,,,,
360,,1,,,N/A,,,,,,,
361,,1,,,N/A,,,,,,,
362,,1,,,N/A,,,,,,,
363,,1,,,N/A,,,,,,,
364,,1,,,N/A,,,,,,,
365,,1,,,N/A,,,,,,,
366,,1,,,N/A,,,,,,,
367,,1,,,N/A,,,,,,,
368,,1,,,N/A,,,,,,,
369,,1,,,N/A,,,,,,,
370,,1,,,N/A,,,,,,,
371,,1,,,N/A,,,,,,,
372,,1,,,N/A,,,,,,,
373,,1,,,N/A,,,,,,,
374,,1,,,N/A,,,,,,,
375,,1,,,N/A,,,,,,,
376,,1,,,N/A,,,,,,,
377,,1,,,N/A,,,,,,,
378,,1,,,N/A,,,,,,,
379,,1,,,N/A,,,,,,,
380,,1,,,N/A,,,,,,,
381,,1,,,N/A,,,,,,,
382,,1,,,N/A,,,,,,,
383,,1,,,N/A,,,,,,,
384,,1,,,N/A,,,,,,,
385,,1,,,N/A,,,,,,,
386,,1,,,N/A,,,,,,,
387,,1,,,N/A,,,,,,,
388,,1,,,N/A,,,,,,,
389,,1,,,N/A,,,,,,,
390,,1,,,N/A,,,,,,,
391,,1,,,N/A,,,,,,,
392,,1,,,N/A,,,,,,,
393,,1,,,N/A,,,,,,,
394,,1,,,N/A,,,,,,,
395,,1,,,N/A,,,,,,,
396,,1,,,N/A,,,,,,,
397,,1,,,N/A,,,,,,,
398,,1,,,N/A,,,,,,,
399,,1,,,N/A,,,,,,,
400,,1,,,N/A,,,,,,,
401,,1,,,N/A,,,,,,,
402,,1,,,N/A,,,,,,,
403,,1,,,N/A,,,,,,,
404,,1,,,N/A,,,,,,,
405,,1,,,N/A,,,,,,,
406,,1,,,N/A,,,,,,,
407,,1,,,N/A,,,,,,,
408,,1,,,N/A,,,,,,,
409,,1,,,N/A,,,,,,,
410,,1,,,N/A,,,,,,,
411,,1,,,N/A,,,,,,,
412,,1,,,N/A,,,,,,,
413,,1,,,N/A,,,,,,,
414,,1,,,N/A,,,,,,,
415,,1,,,N/A,,,,,,,
416,,1,,,N/A,,,,,,,
417,,1,,,N/A,,,,,,,
418,,1,,,N/A,,,,,,,
419,,1,,,N/A,,,,,,,
420,,1,,,N/A,,,,,,,
421,,1,,,N/A,,,,,,,
422,,1,,,N/A,,,,,,,
423,,1,,,N/A,,,,,,,
424,,1,,,N/A,,,,,,,
425,,1,,,N/A,,,,,,,
426,,1,,,N/A,,,,,,,
427,,1,,,N/A,,,,,,,
428,,1,,,N/A,,,,,,,
429,,1,,,N/A,,,,,,,
430,,1,,,N/A,,,,,,,
431,,1,,,N/A,,,,,,,
432,,1,,,N/A,,,,,,,
433,,1,,,N/A,,,,,,,
434,,1,,,N/A,,,,,,,
435,,1,,,N/A,,,,,,,
436,,1,,,N/A,,,,,,,
437,,1,,,N/A,,,,,,,
438,,1,,,N/A,,,,,,,
439,,1,,,N/A,,,,,,,
440,,1,,,N/A,,,,,,,
441,,1,,,N/A,,,,,,,
442,,1,,,N/A,,,,,,,
443,,1,,,N/A,,,,,,,
444,,1,,,N/A,,,,,,,
445,,1,,,N/A,,,,,,,
446,,1,,,N/A,,,,,,,
447,,1,,,N/A,,,,,,,
448,,1,,,N/A,,,,,,,
449,,1,,,N/A,,,,,,,
450,,1,,,N/A,,,,,,,
451,,1,,,N/A,,,,,,,
452,,1,,,N/A,,,,,,,
453,,1,,,N/A,,,,,,,
454,,1,,,N/A,,,,,,,
455,,1,,,N/A,,,,,,,
456,,1,,,N/A,,,,,,,
457,,1,,,N/A,,,,,,,
458,,1,,,N/A,,,,,,,
459,,1,,,N/A,,,,,,,
460,,1,,,N/A,,,,,,,
461,,1,,,N/A,,,,,,,
462,,1,,,N/A,,,,,,,
463,,1,,,N/A,,,,,,,
464,,1,,,N/A,,,,,,,
465,,1,,,N/A,,,,,,,
466,,1,,,N/A,,,,,,,
467,,1,,,N/A,,,,,,,
468,,1,,,N/A,,,,,,,
469,,1,,,N/A,,,,,,,
470,,1,,,N/A,,,,,,,
471,,1,,,N/A,,,,,,,
472,,1,,,N/A,,,,,,,
473,,1,,,N/A,,,,,,,
474,,1,,,N/A,,,,,,,
475,,1,,,N/A,,,,,,,
476,,1,,,N/A,,,,,,,
477,,1,,,N/A,,,,,,,
478,,1,,,N/A,,,,,,,
479,,1,,,N/A,,,,,,,
480,,1,,,N/A,,,,,,,
481,,1,,,N/A,,,,,,,
482,,1,,,N/A,,,,,,,
483,,1,,,N/A,,,,,,,
484,,1,,,N/A,,,,,,,
485,,1,,,N/A,,,,,,,
486,,1,,,N/A,,,,,,,
487,,1,,,N/A,,,,,,,
488,,1,,,N/A,,,,,,,
489,,1,,,N/A,,,,,,,
490,,1,,,N/A,,,,,,,
491,,1,,,N/A,,,,,,,
492,,1,,,N/A,,,,,,,
493,,1,,,N/A,,,,,,,
494,,1,,,N/A,,,,,,,
495,,1,,,N/A,,,,,,,
496,,1,,,N/A,,,,,,,
497,,1,,,N/A,,,,,,,
498,,1,,,N/A,,,,,,,
499,,1,,,N/A,,,,,,,
500,,1,,,N/A,,,,,,,
501,,1,,,N/A,,,,,,,
502,,1,,,N/A,,,,,,,
503,,1,,,N/A,,,,,,,
504,,1,,,N/A,,,,,,,
505,,1,,,N/A,,,,,,,
506,,1,,,N/A,,,,,,,
507,,1,,,N/A,,,,,,,
508,,1,,,N/A,,,,,,,
509,,1,,,N/A,,,,,,,
510,,1,,,N/A,,,,,,,
511,,1,,,N/A,,,,,,,
512,,1,,,N/A,,,,,,,
513,,1,,,N/A,,,,,,,
514,,1,,,N/A,,,,,,,
515,,1,,,N/A,,,,,,,
516,,1,,,N/A,,,,,,,
517,,1,,,N/A,,,,,,,
518,,1,,,N/A,,,,,,,
519,,1,,,N/A,,,,,,,
520,,1,,,N/A,,,,,,,
521,,1,,,N/A,,,,,,,
522,,1,,,N/A,,,,,,,
523,,1,,,N/A,,,,,,,
524,,1,,,N/A,,,,,,,
525,,1,,,N/A,,,,,,,
526,,1,,,N/A,,,,,,,
527,,1,,,N/A,,,,,,,
528,,1,,,N/A,,,,,,,
529,,1,,,N/A,,,,,,,
530,,1,,,N/A,,,,,,,
531,,1,,,N/A,,,,,,,
532,,1,,,N/A,,,,,,,
533,,1,,,N/A,,,,,,,
534,,1,,,N/A,,,,,,,
535,,1,,,N/A,,,,,,,
536,,1,,,N/A,,,,,,,
537,,1,,,N/A,,,,,,,
538,,1,,,N/A,,,,,,,
539,,1,,,N/A,,,,,,,
540,,1,,,N/A,,,,,,,
541,,1,,,N/A,,,,,,,
542,,1,,,N/A,,,,,,,
543,,1,,,N/A,,,,,,,
544,,1,,,N/A,,,,,,,
545,,1,,,N/A,,,,,,,
546,,1,,,N/A,,,,,,,
547,,1,,,N/A,,,,,,,
548,,1,,,N/A,,,,,,,
549,,1,,,N/A,,,,,,,
550,,1,,,N/A,,,,,,,
551,,1,,,N/A,,,,,,,
552,,1,,,N/A,,,,,,,
553,,1,,,N/A,,,,,,,
554,,1,,,N/A,,,,,,,
555,,1,,,N/A,,,,,,,
556,,1,,,N/A,,,,,,,
557,,1,,,N/A,,,,,,,
558,,1,,,N/A,,,,,,,
559,,1,,,N/A,,,,,,,
560,,1,,,N/A,,,,,,,
561,,1,,,N/A,,,,,,,
562,,1,,,N/A,,,,,,,
563,,1,,,N/A,,,,,,,
564,,1,,,N/A,,,,,,,
565,,1,,,N/A,,,,,,,
566,,1,,,N/A,,,,,,,
567,,1,,,N/A,,,,,,,
568,,1,,,N/A,,,,,,,
569,,1,,,N/A,,,,,,,
570,,1,,,N/A,,,,,,,
571,,1,,,N/A,,,,,,,
572,,1,,,N/A,,,,,,,
573,,1,,,N/A,,,,,,,
574,,1,,,N/A,,,,,,,
575,,1,,,N/A,,,,,,,
576,,1,,,N/A,,,,,,,
577,,1,,,N/A,,,,,,,
578,,1,,,N/A,,,,,,,
579,,1,,,N/A,,,,,,,
580,,1,,,N/A,,,,,,,
581,,1,,,N/A,,,,,,,
582,,1,,,N/A,,,,,,,
583,,1,,,N/A,,,,,,,
584,,1,,,N/A,,,,,,,
585,,1,,,N/A,,,,,,,
586,,1,,,N/A,,,,,,,
587,,1,,,N/A,,,,,,,
588,,1,,,N/A,,,,,,,
589,,1,,,N/A,,,,,,,
590,,1,,,N/A,,,,,,,
591,,1,,,N/A,,,,,,,
592,,1,,,N/A,,,,,,,
593,,1,,,N/A,,,,,,,
594,,1,,,N/A,,,,,,,
595,,1,,,N/A,,,,,,,
596,,1,,,N/A,,,,,,,
597,,1,,,N/A,,,,,,,
598,,1,,,N/A,,,,,,,
599,,1,,,N/A,,,,,,,
600,,1,,,N/A,,,,,,,
601,,1,,,N/A,,,,,,,
602,,1,,,N/A,,,,,,,
603,,1,,,N/A,,,,,,,
604,,1,,,N/A,,,,,,,
605,,1,,,N/A,,,,,,,
606,,1,,,N/A,,,,,,,
607,,1,,,N/A,,,,,,,
608,,1,,,N/A,,,,,,,
609,,1,,,N/A,,,,,,,
610,,1,,,N/A,,,,,,,
611,,1,,,N/A,,,,,,,
612,,1,,,N/A,,,,,,,
613,,1,,,N/A,,,,,,,
614,,1,,,N/A,,,,,,,
615,,1,,,N/A,,,,,,,
616,,1,,,N/A,,,,,,,
617,,1,,,N/A,,,,,,,
618,,1,,,N/A,,,,,,,
619,,1,,,N/A,,,,,,,
620,,1,,,N/A,,,,,,,
621,,1,,,N/A,,,,,,,
622,,1,,,N/A,,,,,,,
623,,1,,,N/A,,,,,,,
624,,1,,,N/A,,,,,,,
625,,1,,,N/A,,,,,,,
626,,1,,,N/A,,,,,,,
627,,1,,,N/A,,,,,,,
628,,1,,,N/A,,,,,,,
629,,1,,,N/A,,,,,,,
630,,1,,,N/A,,,,,,,
631,,1,,,N/A,,,,,,,
632,,1,,,N/A,,,,,,,
633,,1,,,N/A,,,,,,,
634,,1,,,N/A,,,,,,,
635,,1,,,N/A,,,,,,,
636,,1,,,N/A,,,,,,,
637,,1,,,N/A,,,,,,,
638,,1,,,N/A,,,,,,,
639,,1,,,N/A,,,,,,,
640,,1,,,N/A,,,,,,,
641,,1,,,N/A,,,,,,,
642,,1,,,N/A,,,,,,,
643,,1,,,N/A,,,,,,,
644,,1,,,N/A,,,,,,,
645,,1,,,N/A,,,,,,,
646,,1,,,N/A,,,,,,,
647,,1,,,N/A,,,,,,,
648,,1,,,N/A,,,,,,,
649,,1,,,N/A,,,,,,,
650,,1,,,N/A,,,,,,,
651,,1,,,N/A,,,,,,,
652,,1,,,N/A,,,,,,,
653,,1,,,N/A,,,,,,,
654,,1,,,N/A,,,,,,,
655,,1,,,N/A,,,,,,,
656,,1,,,N/A,,,,,,,
657,,1,,,N/A,,,,,,,
658,,1,,,N/A,,,,,,,
659,,1,,,N/A,,,,,,,
660,,1,,,N/A,,,,,,,
661,,1,,,N/A,,,,,,,
662,,1,,,N/A,,,,,,,
663,,1,,,N/A,,,,,,,
664,,1,,,N/A,,,,,,,
665,,1,,,N/A,,,,,,,
666,,1,,,N/A,,,,,,,
667,,1,,,N/A,,,,,,,
668,,1,,,N/A,,,,,,,
669,,1,,,N/A,,,,,,,
670,,1,,,N/A,,,,,,,
671,,1,,,N/A,,,,,,,
672,,1,,,N/A,,,,,,,
673,,1,,,N/A,,,,,,,
674,,1,,,N/A,,,,,,,
675,,1,,,N/A,,,,,,,
676,,1,,,N/A,,,,,,,
677,,1,,,N/A,,,,,,,
678,,1,,,N/A,,,,,,,
679,,1,,,N/A,,,,,,,
680,,1,,,N/A,,,,,,,
681,,1,,,N/A,,,,,,,
682,,1,,,N/A,,,,,,,
683,,1,,,N/A,,,,,,,
684,,1,,,N/A,,,,,,,
685,,1,,,N/A,,,,,,,
686,,1,,,N/A,,,,,,,
687,,1,,,N/A,,,,,,,
688,,1,,,N/A,,,,,,,
689,,1,,,N/A,,,,,,,
690,,1,,,N/A,,,,,,,
691,,1,,,N/A,,,,,,,
692,,1,,,N/A,,,,,,,
693,,1,,,N/A,,,,,,,
694,,1,,,N/A,,,,,,,
695,,1,,,N/A,,,,,,,
696,,1,,,N/A,,,,,,,
697,,1,,,N/A,,,,,,,
698,,1,,,N/A,,,,,,,
699,,1,,,N/A,,,,,,,
700,,1,,,N/A,,,,,,,
701,,1,,,N/A,,,,,,,
702,,1,,,N/A,,,,,,,
703,,1,,,N/A,,,,,,,
704,,1,,,N/A,,,,,,,
705,,1,,,N/A,,,,,,,
706,,1,,,N/A,,,,,,,
707,,1,,,N/A,,,,,,,
708,,1,,,N/A,,,,,,,
709,,1,,,N/A,,,,,,,
710,,1,,,N/A,,,,,,,
711,,1,,,N/A,,,,,,,
712,,1,,,N/A,,,,,,,
713,,1,,,N/A,,,,,,,
714,,1,,,N/A,,,,,,,
715,,1,,,N/A,,,,,,,
716,,1,,,N/A,,,,,,,
717,,1,,,N/A,,,,,,,
718,,1,,,N/A,,,,,,,
719,,1,,,N/A,,,,,,,
720,,1,,,N/A,,,,,,,
721,,1,,,N/A,,,,,,,
722,,1,,,N/A,,,,,,,
723,,1,,,N/A,,,,,,,
724,,1,,,N/A,,,,,,,
725,,1,,,N/A,,,,,,,
726,,1,,,N/A,,,,,,,
727,,1,,,N/A,,,,,,,
728,,1,,,N/A,,,,,,,
729,,1,,,N/A,,,,,,,
730,,1,,,N/A,,,,,,,
731,,1,,,N/A,,,,,,,
732,,1,,,N/A,,,,,,,
733,,1,,,N/A,,,,,,,
734,,1,,,N/A,,,,,,,
735,,1,,,N/A,,,,,,,
736,,1,,,N/A,,,,,,,
737,,1,,,N/A,,,,,,,
738,,1,,,N/A,,,,,,,
739,,1,,,N/A,,,,,,,
740,,1,,,N/A,,,,,,,
741,,1,,,N/A,,,,,,,
742,,1,,,N/A,,,,,,,
743,,1,,,N/A,,,,,,,
744,,1,,,N/A,,,,,,,
745,,1,,,N/A,,,,,,,
746,,1,,,N/A,,,,,,,
747,,1,,,N/A,,,,,,,
748,,1,,,N/A,,,,,,,
749,,1,,,N/A,,,,,,,
750,,1,,,N/A,,,,,,,
751,,1,,,N/A,,,,,,,
752,,1,,,N/A,,,,,,,
753,,1,,,N/A,,,,,,,
754,,1,,,N/A,,,,,,,
755,,1,,,N/A,,,,,,,
756,,1,,,N/A,,,,,,,
757,,1,,,N/A,,,,,,,
758,,1,,,N/A,,,,,,,
759,,1,,,N/A,,,,,,,
760,,1,,,N/A,,,,,,,
761,,1,,,N/A,,,,,,,
762,,1,,,N/A,,,,,,,
763,,1,,,N/A,,,,,,,
764,,1,,,N/A,,,,,,,
765,,1,,,N/A,,,,,,,
766,,1,,,N/A,,,,,,,
767,,1,,,N/A,,,,,,,
768,,1,,,N/A,,,,,,,
769,,1,,,N/A,,,,,,,
770,,1,,,N/A,,,,,,,
771,,1,,,N/A,,,,,,,
772,,1,,,N/A,,,,,,,
773,,1,,,N/A,,,,,,,
774,,1,,,N/A,,,,,,,
775,,1,,,N/A,,,,,,,
776,,1,,,N/A,,,,,,,
777,,1,,,N/A,,,,,,,
778,,1,,,N/A,,,,,,,
779,,1,,,N/A,,,,,,,
780,,1,,,N/A,,,,,,,
781,,1,,,N/A,,,,,,,
782,,1,,,N/A,,,,,,,
783,,1,,,N/A,,,,,,,
784,,1,,,N/A,,,,,,,
785,,1,,,N/A,,,,,,,
786,,1,,,N/A,,,,,,,
787,,1,,,N/A,,,,,,,
788,,1,,,N/A,,,,,,,
789,,1,,,N/A,,,,,,,
790,,1,,,N/A,,,,,,,
791,,1,,,N/A,,,,,,,
792,,1,,,N/A,,,,,,,
793,,1,,,N/A,,,,,,,
794,,1,,,N/A,,,,,,,
795,,1,,,N/A,,,,,,,
796,,1,,,N/A,,,,,,,
797,,1,,,N/A,,,,,,,
798,,1,,,N/A,,,,,,,
799,,1,,,N/A,,,,,,,
800,,1,,,N/A,,,,,,,
801,,1,,,N/A,,,,,,,
802,,1,,,N/A,,,,,,,
803,,1,,,N/A,,,,,,,
804,,1,,,N/A,,,,,,,
805,,1,,,N/A,,,,,,,
806,,1,,,N/A,,,,,,,
807,,1,,,N/A,,,,,,,
808,,1,,,N/A,,,,,,,
809,,1,,,N/A,,,,,,,
810,,1,,,N/A,,,,,,,
811,,1,,,N/A,,,,,,,
812,,1,,,N/A,,,,,,,
813,,1,,,N/A,,,,,,,
814,,1,,,N/A,,,,,,,
815,,1,,,N/A,,,,,,,
816,,1,,,N/A,,,,,,,
817,,1,,,N/A,,,,,,,
818,,1,,,N/A,,,,,,,
819,,1,,,N/A,,,,,,,
820,,1,,,N/A,,,,,,,
821,,1,,,N/A,,,,,,,
822,,1,,,N/A,,,,,,,
823,,1,,,N/A,,,,,,,
824,,1,,,N/A,,,,,,,
825,,1,,,N/A,,,,,,,
826,,1,,,N/A,,,,,,,
827,,1,,,N/A,,,,,,,
828,,1,,,N/A,,,,,,,
829,,1,,,N/A,,,,,,,
830,,1,,,N/A,,,,,,,
831,,1,,,N/A,,,,,,,
832,,1,,,N/A,,,,,,,
833,,1,,,N/A,,,,,,,
834,,1,,,N/A,,,,,,,
835,,1,,,N/A,,,,,,,
836,,1,,,N/A,,,,,,,
837,,1,,,N/A,,,,,,,
838,,1,,,N/A,,,,,,,
839,,1,,,N/A,,,,,,,
840,,1,,,N/A,,,,,,,
841,,1,,,N/A,,,,,,,
842,,1,,,N/A,,,,,,,
843,,1,,,N/A,,,,,,,
844,,1,,,N/A,,,,,,,
845,,1,,,N/A,,,,,,,
846,,1,,,N/A,,,,,,,
847,,1,,,N/A,,,,,,,
848,,1,,,N/A,,,,,,,
849,,1,,,N/A,,,,,,,
850,,1,,,N/A,,,,,,,
851,,1,,,N/A,,,,,,,
852,,1,,,N/A,,,,,,,
853,,1,,,N/A,,,,,,,
854,,1,,,N/A,,,,,,,
855,,1,,,N/A,,,,,,,
856,,1,,,N/A,,,,,,,
857,,1,,,N/A,,,,,,,
858,,1,,,N/A,,,,,,,
859,,1,,,N/A,,,,,,,
860,,1,,,N/A,,,,,,,
861,,1,,,N/A,,,,,,,
862,,1,,,N/A,,,,,,,
863,,1,,,N/A,,,,,,,
864,,1,,,N/A,,,,,,,
865,,1,,,N/A,,,,,,,
866,,1,,,N/A,,,,,,,
867,,1,,,N/A,,,,,,,
868,,1,,,N/A,,,,,,,
869,,1,,,N/A,,,,,,,
870,,1,,,N/A,,,,,,,
871,,1,,,N/A,,,,,,,
872,,1,,,N/A,,,,,,,
873,,1,,,N/A,,,,,,,
874,,1,,,N/A,,,,,,,
875,,1,,,N/A,,,,,,,
876,,1,,,N/A,,,,,,,
877,,1,,,N/A,,,,,,,
878,,1,,,N/A,,,,,,,
879,,1,,,N/A,,,,,,,
880,,1,,,N/A,,,,,,,
881,,1,,,N/A,,,,,,,
882,,1,,,N/A,,,,,,,
883,,1,,,N/A,,,,,,,
884,,1,,,N/A,,,,,,,
885,,1,,,N/A,,,,,,,
886,,1,,,N/A,,,,,,,
887,,1,,,N/A,,,,,,,
888,,1,,,N/A,,,,,,,
889,,1,,,N/A,,,,,,,
890,,1,,,N/A,,,,,,,
891,,1,,,N/A,,,,,,,
892,,1,,,N/A,,,,,,,
893,,1,,,N/A,,,,,,,
894,,1,,,N/A,,,,,,,
895,,1,,,N/A,,,,,,,
896,,1,,,N/A,,,,,,,
897,,1,,,N/A,,,,,,,
898,,1,,,N/A,,,,,,,
899,,1,,,N/A,,,,,,,
900,,1,,,N/A,,,,,,,
901,,1,,,N/A,,,,,,,
902,,1,,,N/A,,,,,,,
903,,1,,,N/A,,,,,,,
904,,1,,,N/A,,,,,,,
905,,1,,,N/A,,,,,,,
906,,1,,,N/A,,,,,,,
907,,1,,,N/A,,,,,,,
908,,1,,,N/A,,,,,,,
909,,1,,,N/A,,,,,,,
910,,1,,,N/A,,,,,,,
911,,1,,,N/A,,,,,,,
912,,1,,,N/A,,,,,,,
913,,1,,,N/A,,,,,,,
914,,1,,,N/A,,,,,,,
915,,1,,,N/A,,,,,,,
916,,1,,,N/A,,,,,,,
917,,1,,,N/A,,,,,,,
918,,1,,,N/A,,,,,,,
919,,1,,,N/A,,,,,,,
920,,1,,,N/A,,,,,,,
921,,1,,,N/A,,,,,,,
922,,1,,,N/A,,,,,,,
923,,1,,,N/A,,,,,,,
924,,1,,,N/A,,,,,,,
925,,1,,,N/A,,,,,,,
926,,1,,,N/A,,,,,,,
927,,1,,,N/A,,,,,,,
928,,1,,,N/A,,,,,,,
929,,1,,,N/A,,,,,,,
930,,1,,,N/A,,,,,,,
931,,1,,,N/A,,,,,,,
932,,1,,,N/A,,,,,,,
933,,1,,,N/A,,,,,,,
934,,1,,,N/A,,,,,,,
935,,1,,,N/A,,,,,,,
936,,1,,,N/A,,,,,,,
937,,1,,,N/A,,,,,,,
938,,1,,,N/A,,,,,,,
939,,1,,,N/A,,,,,,,
940,,1,,,N/A,,,,,,,
941,,1,,,N/A,,,,,,,
942,,1,,,N/A,,,,,,,
943,,1,,,N/A,,,,,,,
944,,1,,,N/A,,,,,,,
945,,1,,,N/A,,,,,,,
946,,1,,,N/A,,,,,,,
947,,1,,,N/A,,,,,,,
948,,1,,,N/A,,,,,,,
949,,1,,,N/A,,,,,,,
950,,1,,,N/A,,,,,,,
951,,1,,,N/A,,,,,,,
952,,1,,,N/A,,,,,,,
953,,1,,,N/A,,,,,,,
954,,1,,,N/A,,,,,,,
955,,1,,,N/A,,,,,,,
956,,1,,,N/A,,,,,,,
957,,1,,,N/A,,,,,,,
958,,1,,,N/A,,,,,,,
959,,1,,,N/A,,,,,,,
960,,1,,,N/A,,,,,,,
961,,1,,,N/A,,,,,,,
962,,1,,,N/A,,,,,,,
963,,1,,,N/A,,,,,,,
964,,1,,,N/A,,,,,,,
965,,1,,,N/A,,,,,,,
966,,1,,,N/A,,,,,,,
967,,1,,,N/A,,,,,,,
968,,1,,,N/A,,,,,,,
969,,1,,,N/A,,,,,,,
970,,1,,,N/A,,,,,,,
971,,1,,,N/A,,,,,,,
972,,1,,,N/A,,,,,,,
973,,1,,,N/A,,,,,,,
974,,1,,,N/A,,,,,,,
975,,1,,,N/A,,,,,,,
976,,1,,,N/A,,,,,,,
977,,1,,,N/A,,,,,,,
978,,1,,,N/A,,,,,,,
979,,1,,,N/A,,,,,,,
980,,1,,,N/A,,,,,,,
981,,1,,,N/A,,,,,,,
982,,1,,,N/A,,,,,,,
983,,1,,,N/A,,,,,,,
984,,1,,,N/A,,,,,,,
985,,1,,,N/A,,,,,,,
986,,1,,,N/A,,,,,,,
987,,1,,,N/A,,,,,,,
988,,1,,,N/A,,,,,,,
989,,1,,,N/A,,,,,,,
990,,1,,,N/A,,,,,,,
991,,1,,,N/A,,,,,,,
992,,1,,,N/A,,,,,,,
993,,1,,,N/A,,,,,,,
994,,1,,,N/A,,,,,,,
995,,1,,,N/A,,,,,,,
996,,1,,,N/A,,,,,,,
997,,1,,,N/A,,,,,,,
998,,1,,,N/A,,,,,,,
999,,1,,,N/A,,,,,,,
1000,,1,,,N/A,,,,,,,
